wholesome_frog,4a82681f-fd2b-3f7b-bdcf-3dac3b48a8af
badboyhalo,e4ca02f1-674b-3b36-b94d-5688313c6570
ninja481,fd0d47da-b0f2-3a2b-aab2-e9b572498355
hydroslimexd,cf8853bb-e54d-3d67-a488-6ca68340d743
lil_twisted_6,fa6a96f7-68ec-3e9d-ad32-2f80925cf3e0
crazygamer_x,48279207-b825-3f80-b424-3ee443db923f
blankthedoctor,4dbb03c5-5714-3189-a03a-b8f8368cf78f
creepersteve123,40fa97b0-6ef1-3ff5-a353-a8b5bdc67dee
ra1z5623,3839bd86-1542-32b0-879b-ac1286ec91df
joebobdude,ee9bbe82-06eb-316b-9e24-2bed529f78bf
starman567,8a04c425-5d01-3059-acf6-3f27bd821c04
surpdewurp,462710ca-aff9-3d43-be99-89db2a76e0ce
nightwing_76,2e655442-59cb-336b-9e4f-6671388c633d
gamerpro4731234,ae40dee8-4e86-3226-ac2e-e0792c5e3f43
_sharplex_,456c94f7-d2d1-319e-b951-ea963b560eca
diamond_golem,bff18d78-800a-340a-a9ed-301f56505c9c
arnavbirari,f2ea5fc8-33f8-3039-9c3d-e654137bec71
maniaxe,6fb7ad43-0214-3639-93d7-83e9bd29932e
mad_pickaxe,e63c9801-19f9-3ff1-9775-3fbe8869401d
ms_adian,2d871c98-8504-3b0e-912f-5734c3dabfe7
raspyvoice,77422474-c14c-3a6b-8b3e-6e874176c702
rtv2015,093af294-f288-38d6-8b89-d4988f428844
technoblade,708f83cd-b150-33d6-b7af-ab56190a239c
macmorgan,3f6fc618-e8d7-3d48-b265-7cec261022c4
shockvada,2e8cbbad-495f-3d7f-89f5-7d8627aa7d5c
tjmcstuffins,b4168741-f5b8-3521-9cb2-a843d9e6dd83
spiderplase05,04cdec20-a84d-3f8c-ae68-10ce6b67492e
reeeeeee,4929bda1-77e4-3a42-878f-bd067d188cae
drdeathdefying,fc37ee67-ab1c-3fc4-8b9e-a7aa12a1432a
mad_maniac,915c867a-6d49-39c9-9a12-e6e043334994
booghammer,a5da92dd-006b-3072-9003-c5af3417f044
ska_ninja,4a557348-21f9-3910-aab9-a21f57bed98e
og_ninja_gamer,f7b9fdfa-8ad0-3c66-b49c-604ec38322e3
spiderplase,758413ca-6093-3549-bce9-040acfe90178
wh0les0mepenguin,84af1004-5a69-3fc3-9668-ee6f8910b205
stanicks,14b655ed-afaa-3ccd-8450-079736f8f3cf
madpikaxe,eaecf18d-250f-33fe-8f05-26d1754797e1
sharpsandd,3c401a3e-2065-34f9-bb5f-19db0a3a6775
slayfoxjr7,27965999-a44b-3733-9560-cdf52530cd80
mykei0,27f3aea1-12e1-3e20-9e6d-a1c0c952afee
pixel_gamer_boy,30fe1d4a-dd47-3edd-9b67-23a0eca334be
vector_shark,bcea6757-cfe9-3433-a007-01082d6c2f66
2good4u,295224d6-cd07-3915-9fb0-539c36e5e81a
knight_sparrow,cd73c9d1-9c66-3751-acec-a61905da5eb5
cooljoebob,f9d92b3d-c1e4-3688-aec8-7089b4a0f319
raiz5623,7aa9556a-d47e-3f07-8f23-242d88f42d76
dusty,d7079837-f098-315a-8d1c-f3db9c8ae351
